{"cameraMode":{"drawMode":0,"name":"Shaded","section":"Shading Mode"},"sceneLighting":true,"audioPlay":false,"sceneViewState":{"showFog":false,"showMaterialUpdate":false,"showSkybox":false,"showFlares":false,"showImageEffects":false,"showParticleSystems":false},"in2DMode":false,"pivot":{"x":-4.263201713562012,"y":-4.391343116760254,"z":8.977361679077149},"rotation":{"x":-0.20364868640899659,"y":0.5745918154716492,"z":-0.15033920109272004,"w":-0.778312087059021},"size":17.97980308532715,"orthographic":false}