{"cameraMode":{"drawMode":0,"name":"Shaded","section":"Shading Mode"},"sceneLighting":false,"audioPlay":false,"sceneViewState":{"showFog":false,"showMaterialUpdate":false,"showSkybox":false,"showFlares":false,"showImageEffects":false,"showParticleSystems":false},"in2DMode":false,"pivot":{"x":0.000009059906005859375,"y":0.26451361179351809,"z":0.000008940696716308594},"rotation":{"x":-0.0020683195907622577,"y":0.7816334366798401,"z":-0.6237293481826782,"w":-0.0025914793368428947},"size":25.046579360961915,"orthographic":false}