{"cameraMode":{"drawMode":0,"name":"Shaded","section":"Shading Mode"},"sceneLighting":true,"audioPlay":false,"sceneViewState":{"showFog":false,"showMaterialUpdate":false,"showSkybox":false,"showFlares":false,"showImageEffects":false,"showParticleSystems":false},"in2DMode":false,"pivot":{"x":1.0665740966796876,"y":13.286453247070313,"z":-0.8186187744140625},"rotation":{"x":-0.22923286259174348,"y":-0.2951200306415558,"z":0.07316220551729202,"w":-0.9246641397476196},"size":121.88021087646485,"orthographic":false}