{"cameraMode":{"drawMode":0,"name":"Shaded","section":"Shading Mode"},"sceneLighting":false,"audioPlay":false,"sceneViewState":{"showFog":false,"showMaterialUpdate":false,"showSkybox":false,"showFlares":false,"showImageEffects":false,"showParticleSystems":false},"in2DMode":false,"pivot":{"x":0.00000476837158203125,"y":0.4638107419013977,"z":0.00000762939453125},"rotation":{"x":0.48937076330184939,"y":0.09176503866910935,"z":-0.0518762543797493,"w":0.8656814694404602},"size":43.43279266357422,"orthographic":false}