{"cameraMode":{"drawMode":0,"name":"Shaded","section":"Shading Mode"},"sceneLighting":false,"audioPlay":false,"sceneViewState":{"showFog":false,"showMaterialUpdate":false,"showSkybox":false,"showFlares":false,"showImageEffects":false,"showParticleSystems":false},"in2DMode":false,"pivot":{"x":-19.308557510375978,"y":-8.402575492858887,"z":5.513430595397949},"rotation":{"x":-0.1191391870379448,"y":0.8645836114883423,"z":0.24344255030155183,"w":0.4231273829936981},"size":14.902422904968262,"orthographic":false}