{"cameraMode":{"drawMode":0,"name":"Shaded","section":"Shading Mode"},"sceneLighting":false,"audioPlay":false,"sceneViewState":{"showFog":false,"showMaterialUpdate":false,"showSkybox":false,"showFlares":false,"showImageEffects":false,"showParticleSystems":false},"in2DMode":false,"pivot":{"x":0.000003814697265625,"y":0.17402252554893495,"z":-0.0000019073486328125},"rotation":{"x":0.14497064054012299,"y":0.016620010137557985,"z":-0.002434917725622654,"w":0.9892933964729309},"size":40.304718017578128,"orthographic":false}