{"cameraMode":{"drawMode":0,"name":"Shaded","section":"Shading Mode"},"sceneLighting":false,"audioPlay":false,"sceneViewState":{"showFog":false,"showMaterialUpdate":false,"showSkybox":false,"showFlares":false,"showImageEffects":false,"showParticleSystems":false},"in2DMode":false,"pivot":{"x":-3.952327251434326,"y":-3.399099826812744,"z":11.791361808776856},"rotation":{"x":-0.19599993526935578,"y":0.24841216206550599,"z":-0.05140061676502228,"w":-0.9472240805625916},"size":17.296070098876954,"orthographic":false}